{
  "recall@1": 0.0,
  "recall@5": 0.6666666666666666,
  "recall@10": 1.0,
  "mrr": 0.19166666666666665,
  "pair_auc": 0.4175824175824176,
  "average_positive_similarity": -0.04392627945968083,
  "average_negative_similarity": 0.016632788814604282,
  "positive_negative_distance_gap": -0.05321289124069639,
  "anchor_consistency": -0.06055906827428511,
  "edge_precision@10": 0.1,
  "edge_precision@25": 0.24,
  "edge_precision@50": 0.21212121212121213,
  "case_count": 1,
  "query_count": 3,
  "anchor_count": 11,
  "pathology_unavailable": {
    "recall@1": 0.0,
    "recall@5": 1.0,
    "recall@10": 1.0,
    "mrr": 0.5,
    "pair_auc": 0.6666666666666666,
    "average_positive_similarity": 0.06935415416955948,
    "average_negative_similarity": 0.015904143452644348,
    "positive_negative_distance_gap": -0.0061507423718769605,
    "anchor_consistency": 0.05345001071691513,
    "edge_precision@10": 0.25,
    "edge_precision@25": 0.25,
    "edge_precision@50": 0.25
  },
  "molecular_unavailable": {
    "recall@1": 0.0,
    "recall@5": 1.0,
    "recall@10": 1.0,
    "mrr": 0.2611111111111111,
    "pair_auc": 0.3111111111111111,
    "average_positive_similarity": -0.06280635173122089,
    "average_negative_similarity": 0.052354963744680086,
    "positive_negative_distance_gap": -0.08863721688588444,
    "anchor_consistency": -0.11516131547590097,
    "edge_precision@10": 0.1,
    "edge_precision@25": 0.2857142857142857,
    "edge_precision@50": 0.2857142857142857
  }
}